file	hash
populations.tsv	80b4cfcc80d62994778687d5aa5287b7
geneflow.tsv	791069696721716f7b0847f8dccebc04
ranges.rds	0c938c70b800601188bdd42e863ae7a3
generation_time.txt	34173cb38f07f89ddbebc2ac9128303f
length.txt	60b54bf1d3c039242df9de68fe2af3c4
orig_length.txt	057c8744d7cf8deaa3f05a099627fdce
direction.txt	195fe59b6f103787a914aead0f3db502
description.txt	d41d8cd98f00b204e9800998ecf8427e
time_units.txt	f65f17f42a6d4f09d9dbd90bcfc6cc08
script.slim	f64eac6e19e48419932b37a23d390369
script.py	6d5046dd2b41fc9eda4ee7281200a099
